4,13,B3UC4MOJueXO/XfxeBFrbv/3Udc=,QLDat2F/+67vMBX8RPw/rfKt6c8=
3,10,B3UC4MOJueXO/XfxeBFrbv/3Udc=,QLDat2F/+67vMBX8RPw/rfKt6c8=
2,10,B3UC4MOJueXO/XfxeBFrbv/3Udc=,QLDat2F/+67vMBX8RPw/rfKt6c8=
1,10,B3UC4MOJueXO/XfxeBFrbv/3Udc=,QLDat2F/+67vMBX8RPw/rfKt6c8=
6,9,B3UC4MOJueXO/XfxeBFrbv/3Udc=,QLDat2F/+67vMBX8RPw/rfKt6c8=
5,9,B3UC4MOJueXO/XfxeBFrbv/3Udc=,QLDat2F/+67vMBX8RPw/rfKt6c8=
4,9,B3UC4MOJueXO/XfxeBFrbv/3Udc=,QLDat2F/+67vMBX8RPw/rfKt6c8=
3,9,B3UC4MOJueXO/XfxeBFrbv/3Udc=,QLDat2F/+67vMBX8RPw/rfKt6c8=
3,11,B3UC4MOJueXO/XfxeBFrbv/3Udc=,QLDat2F/+67vMBX8RPw/rfKt6c8=
2,11,B3UC4MOJueXO/XfxeBFrbv/3Udc=,QLDat2F/+67vMBX8RPw/rfKt6c8=
1,11,B3UC4MOJueXO/XfxeBFrbv/3Udc=,QLDat2F/+67vMBX8RPw/rfKt6c8=
6,10,B3UC4MOJueXO/XfxeBFrbv/3Udc=,QLDat2F/+67vMBX8RPw/rfKt6c8=
1,9,B3UC4MOJueXO/XfxeBFrbv/3Udc=,QLDat2F/+67vMBX8RPw/rfKt6c8=
3,13,B3UC4MOJueXO/XfxeBFrbv/3Udc=,QLDat2F/+67vMBX8RPw/rfKt6c8=
3,14,B3UC4MOJueXO/XfxeBFrbv/3Udc=,QLDat2F/+67vMBX8RPw/rfKt6c8=
2,14,B3UC4MOJueXO/XfxeBFrbv/3Udc=,QLDat2F/+67vMBX8RPw/rfKt6c8=
2,9,B3UC4MOJueXO/XfxeBFrbv/3Udc=,QLDat2F/+67vMBX8RPw/rfKt6c8=
2,13,B3UC4MOJueXO/XfxeBFrbv/3Udc=,QLDat2F/+67vMBX8RPw/rfKt6c8=
1,13,B3UC4MOJueXO/XfxeBFrbv/3Udc=,QLDat2F/+67vMBX8RPw/rfKt6c8=
5,14,B3UC4MOJueXO/XfxeBFrbv/3Udc=,QLDat2F/+67vMBX8RPw/rfKt6c8=
4,14,B3UC4MOJueXO/XfxeBFrbv/3Udc=,QLDat2F/+67vMBX8RPw/rfKt6c8=
6,12,B3UC4MOJueXO/XfxeBFrbv/3Udc=,QLDat2F/+67vMBX8RPw/rfKt6c8=
5,12,B3UC4MOJueXO/XfxeBFrbv/3Udc=,QLDat2F/+67vMBX8RPw/rfKt6c8=
5,10,B3UC4MOJueXO/XfxeBFrbv/3Udc=,QLDat2F/+67vMBX8RPw/rfKt6c8=
4,12,B3UC4MOJueXO/XfxeBFrbv/3Udc=,QLDat2F/+67vMBX8RPw/rfKt6c8=
3,12,B3UC4MOJueXO/XfxeBFrbv/3Udc=,QLDat2F/+67vMBX8RPw/rfKt6c8=
2,12,B3UC4MOJueXO/XfxeBFrbv/3Udc=,QLDat2F/+67vMBX8RPw/rfKt6c8=
4,10,B3UC4MOJueXO/XfxeBFrbv/3Udc=,QLDat2F/+67vMBX8RPw/rfKt6c8=
1,12,B3UC4MOJueXO/XfxeBFrbv/3Udc=,QLDat2F/+67vMBX8RPw/rfKt6c8=
6,11,B3UC4MOJueXO/XfxeBFrbv/3Udc=,QLDat2F/+67vMBX8RPw/rfKt6c8=
5,11,B3UC4MOJueXO/XfxeBFrbv/3Udc=,QLDat2F/+67vMBX8RPw/rfKt6c8=
4,11,B3UC4MOJueXO/XfxeBFrbv/3Udc=,QLDat2F/+67vMBX8RPw/rfKt6c8=
1,14,B3UC4MOJueXO/XfxeBFrbv/3Udc=,QLDat2F/+67vMBX8RPw/rfKt6c8=
6,13,B3UC4MOJueXO/XfxeBFrbv/3Udc=,QLDat2F/+67vMBX8RPw/rfKt6c8=
5,13,B3UC4MOJueXO/XfxeBFrbv/3Udc=,QLDat2F/+67vMBX8RPw/rfKt6c8=
6,14,B3UC4MOJueXO/XfxeBFrbv/3Udc=,QLDat2F/+67vMBX8RPw/rfKt6c8=
0,14,B3UC4MOJueXO/XfxeBFrbv/3Udc=,QLDat2F/+67vMBX8RPw/rfKt6c8=
0,12,B3UC4MOJueXO/XfxeBFrbv/3Udc=,QLDat2F/+67vMBX8RPw/rfKt6c8=
0,13,B3UC4MOJueXO/XfxeBFrbv/3Udc=,QLDat2F/+67vMBX8RPw/rfKt6c8=
0,10,B3UC4MOJueXO/XfxeBFrbv/3Udc=,QLDat2F/+67vMBX8RPw/rfKt6c8=
0,11,B3UC4MOJueXO/XfxeBFrbv/3Udc=,QLDat2F/+67vMBX8RPw/rfKt6c8=
0,9,B3UC4MOJueXO/XfxeBFrbv/3Udc=,QLDat2F/+67vMBX8RPw/rfKt6c8=
1,15,B3UC4MOJueXO/XfxeBFrbv/3Udc=,QLDat2F/+67vMBX8RPw/rfKt6c8=
4,15,B3UC4MOJueXO/XfxeBFrbv/3Udc=,QLDat2F/+67vMBX8RPw/rfKt6c8=
2,15,B3UC4MOJueXO/XfxeBFrbv/3Udc=,QLDat2F/+67vMBX8RPw/rfKt6c8=
3,15,B3UC4MOJueXO/XfxeBFrbv/3Udc=,QLDat2F/+67vMBX8RPw/rfKt6c8=
5,15,B3UC4MOJueXO/XfxeBFrbv/3Udc=,QLDat2F/+67vMBX8RPw/rfKt6c8=
6,15,B3UC4MOJueXO/XfxeBFrbv/3Udc=,QLDat2F/+67vMBX8RPw/rfKt6c8=
0,15,B3UC4MOJueXO/XfxeBFrbv/3Udc=,QLDat2F/+67vMBX8RPw/rfKt6c8=
15,15,B3UC4MOJueXO/XfxeBFrbv/3Udc=,ROWhlv5gQ0jh9sKerHE28CkTMq8=
11,9,B5JaSbQiDfaSCl0T3njAs07Wcp8=,ROWhlv5gQ0jh9sKerHE28CkTMq8=
11,11,B5JaSbQiDfaSCl0T3njAs07Wcp8=,ROWhlv5gQ0jh9sKerHE28CkTMq8=
10,11,B5JaSbQiDfaSCl0T3njAs07Wcp8=,ROWhlv5gQ0jh9sKerHE28CkTMq8=
10,9,B5JaSbQiDfaSCl0T3njAs07Wcp8=,ROWhlv5gQ0jh9sKerHE28CkTMq8=
15,11,B5JaSbQiDfaSCl0T3njAs07Wcp8=,ROWhlv5gQ0jh9sKerHE28CkTMq8=
9,9,B5JaSbQiDfaSCl0T3njAs07Wcp8=,ROWhlv5gQ0jh9sKerHE28CkTMq8=
8,9,B5JaSbQiDfaSCl0T3njAs07Wcp8=,ROWhlv5gQ0jh9sKerHE28CkTMq8=
14,11,B5JaSbQiDfaSCl0T3njAs07Wcp8=,ROWhlv5gQ0jh9sKerHE28CkTMq8=
12,11,B5JaSbQiDfaSCl0T3njAs07Wcp8=,ROWhlv5gQ0jh9sKerHE28CkTMq8=
13,11,B5JaSbQiDfaSCl0T3njAs07Wcp8=,ROWhlv5gQ0jh9sKerHE28CkTMq8=
7,9,B5JaSbQiDfaSCl0T3njAs07Wcp8=,QLDat2F/+67vMBX8RPw/rfKt6c8=
7,10,B5JaSbQiDfaSCl0T3njAs07Wcp8=,QLDat2F/+67vMBX8RPw/rfKt6c8=
7,15,B5JaSbQiDfaSCl0T3njAs07Wcp8=,QLDat2F/+67vMBX8RPw/rfKt6c8=
11,10,B5JaSbQiDfaSCl0T3njAs07Wcp8=,ROWhlv5gQ0jh9sKerHE28CkTMq8=
10,10,B5JaSbQiDfaSCl0T3njAs07Wcp8=,ROWhlv5gQ0jh9sKerHE28CkTMq8=
9,10,B5JaSbQiDfaSCl0T3njAs07Wcp8=,ROWhlv5gQ0jh9sKerHE28CkTMq8=
8,10,B5JaSbQiDfaSCl0T3njAs07Wcp8=,ROWhlv5gQ0jh9sKerHE28CkTMq8=
15,9,B5JaSbQiDfaSCl0T3njAs07Wcp8=,ROWhlv5gQ0jh9sKerHE28CkTMq8=
14,9,B5JaSbQiDfaSCl0T3njAs07Wcp8=,ROWhlv5gQ0jh9sKerHE28CkTMq8=
9,11,B5JaSbQiDfaSCl0T3njAs07Wcp8=,ROWhlv5gQ0jh9sKerHE28CkTMq8=
8,11,B5JaSbQiDfaSCl0T3njAs07Wcp8=,ROWhlv5gQ0jh9sKerHE28CkTMq8=
15,10,B5JaSbQiDfaSCl0T3njAs07Wcp8=,ROWhlv5gQ0jh9sKerHE28CkTMq8=
14,10,B5JaSbQiDfaSCl0T3njAs07Wcp8=,ROWhlv5gQ0jh9sKerHE28CkTMq8=
13,10,B5JaSbQiDfaSCl0T3njAs07Wcp8=,ROWhlv5gQ0jh9sKerHE28CkTMq8=
12,10,B5JaSbQiDfaSCl0T3njAs07Wcp8=,ROWhlv5gQ0jh9sKerHE28CkTMq8=
13,9,B5JaSbQiDfaSCl0T3njAs07Wcp8=,ROWhlv5gQ0jh9sKerHE28CkTMq8=
12,9,B5JaSbQiDfaSCl0T3njAs07Wcp8=,ROWhlv5gQ0jh9sKerHE28CkTMq8=
7,14,B5JaSbQiDfaSCl0T3njAs07Wcp8=,QLDat2F/+67vMBX8RPw/rfKt6c8=
7,12,B5JaSbQiDfaSCl0T3njAs07Wcp8=,QLDat2F/+67vMBX8RPw/rfKt6c8=
7,13,B5JaSbQiDfaSCl0T3njAs07Wcp8=,QLDat2F/+67vMBX8RPw/rfKt6c8=
7,11,B5JaSbQiDfaSCl0T3njAs07Wcp8=,QLDat2F/+67vMBX8RPw/rfKt6c8=
9,12,B5JaSbQiDfaSCl0T3njAs07Wcp8=,ROWhlv5gQ0jh9sKerHE28CkTMq8=
10,12,B5JaSbQiDfaSCl0T3njAs07Wcp8=,ROWhlv5gQ0jh9sKerHE28CkTMq8=
15,7,B5JaSbQiDfaSCl0T3njAs07Wcp8=,hW1XsncaZ1f0GjZXLXQWYIYxqv4=
14,7,B5JaSbQiDfaSCl0T3njAs07Wcp8=,hW1XsncaZ1f0GjZXLXQWYIYxqv4=
13,7,B5JaSbQiDfaSCl0T3njAs07Wcp8=,hW1XsncaZ1f0GjZXLXQWYIYxqv4=
8,12,B5JaSbQiDfaSCl0T3njAs07Wcp8=,ROWhlv5gQ0jh9sKerHE28CkTMq8=
12,7,B5JaSbQiDfaSCl0T3njAs07Wcp8=,hW1XsncaZ1f0GjZXLXQWYIYxqv4=
11,7,B5JaSbQiDfaSCl0T3njAs07Wcp8=,hW1XsncaZ1f0GjZXLXQWYIYxqv4=
11,12,B5JaSbQiDfaSCl0T3njAs07Wcp8=,ROWhlv5gQ0jh9sKerHE28CkTMq8=
12,12,B5JaSbQiDfaSCl0T3njAs07Wcp8=,ROWhlv5gQ0jh9sKerHE28CkTMq8=
15,8,B5JaSbQiDfaSCl0T3njAs07Wcp8=,ROWhlv5gQ0jh9sKerHE28CkTMq8=
10,7,B5JaSbQiDfaSCl0T3njAs07Wcp8=,hW1XsncaZ1f0GjZXLXQWYIYxqv4=
13,12,B5JaSbQiDfaSCl0T3njAs07Wcp8=,ROWhlv5gQ0jh9sKerHE28CkTMq8=
9,7,B5JaSbQiDfaSCl0T3njAs07Wcp8=,hW1XsncaZ1f0GjZXLXQWYIYxqv4=
14,8,B5JaSbQiDfaSCl0T3njAs07Wcp8=,ROWhlv5gQ0jh9sKerHE28CkTMq8=
15,6,B5JaSbQiDfaSCl0T3njAs07Wcp8=,hW1XsncaZ1f0GjZXLXQWYIYxqv4=
13,8,B5JaSbQiDfaSCl0T3njAs07Wcp8=,ROWhlv5gQ0jh9sKerHE28CkTMq8=
14,6,B5JaSbQiDfaSCl0T3njAs07Wcp8=,hW1XsncaZ1f0GjZXLXQWYIYxqv4=
13,6,B5JaSbQiDfaSCl0T3njAs07Wcp8=,hW1XsncaZ1f0GjZXLXQWYIYxqv4=
12,6,B5JaSbQiDfaSCl0T3njAs07Wcp8=,hW1XsncaZ1f0GjZXLXQWYIYxqv4=
11,6,B5JaSbQiDfaSCl0T3njAs07Wcp8=,hW1XsncaZ1f0GjZXLXQWYIYxqv4=
10,6,B5JaSbQiDfaSCl0T3njAs07Wcp8=,hW1XsncaZ1f0GjZXLXQWYIYxqv4=
12,8,B5JaSbQiDfaSCl0T3njAs07Wcp8=,ROWhlv5gQ0jh9sKerHE28CkTMq8=
14,12,B5JaSbQiDfaSCl0T3njAs07Wcp8=,ROWhlv5gQ0jh9sKerHE28CkTMq8=
9,6,B5JaSbQiDfaSCl0T3njAs07Wcp8=,hW1XsncaZ1f0GjZXLXQWYIYxqv4=
15,5,B5JaSbQiDfaSCl0T3njAs07Wcp8=,hW1XsncaZ1f0GjZXLXQWYIYxqv4=
14,5,B5JaSbQiDfaSCl0T3njAs07Wcp8=,hW1XsncaZ1f0GjZXLXQWYIYxqv4=
13,5,B5JaSbQiDfaSCl0T3njAs07Wcp8=,hW1XsncaZ1f0GjZXLXQWYIYxqv4=
12,5,B5JaSbQiDfaSCl0T3njAs07Wcp8=,hW1XsncaZ1f0GjZXLXQWYIYxqv4=
11,5,B5JaSbQiDfaSCl0T3njAs07Wcp8=,hW1XsncaZ1f0GjZXLXQWYIYxqv4=
10,5,B5JaSbQiDfaSCl0T3njAs07Wcp8=,hW1XsncaZ1f0GjZXLXQWYIYxqv4=
9,5,B5JaSbQiDfaSCl0T3njAs07Wcp8=,hW1XsncaZ1f0GjZXLXQWYIYxqv4=
15,4,B5JaSbQiDfaSCl0T3njAs07Wcp8=,hW1XsncaZ1f0GjZXLXQWYIYxqv4=
14,4,B5JaSbQiDfaSCl0T3njAs07Wcp8=,hW1XsncaZ1f0GjZXLXQWYIYxqv4=
13,4,B5JaSbQiDfaSCl0T3njAs07Wcp8=,hW1XsncaZ1f0GjZXLXQWYIYxqv4=
12,4,B5JaSbQiDfaSCl0T3njAs07Wcp8=,hW1XsncaZ1f0GjZXLXQWYIYxqv4=
11,4,B5JaSbQiDfaSCl0T3njAs07Wcp8=,hW1XsncaZ1f0GjZXLXQWYIYxqv4=
10,4,B5JaSbQiDfaSCl0T3njAs07Wcp8=,hW1XsncaZ1f0GjZXLXQWYIYxqv4=
9,4,B5JaSbQiDfaSCl0T3njAs07Wcp8=,hW1XsncaZ1f0GjZXLXQWYIYxqv4=
11,8,B5JaSbQiDfaSCl0T3njAs07Wcp8=,ROWhlv5gQ0jh9sKerHE28CkTMq8=
15,12,B5JaSbQiDfaSCl0T3njAs07Wcp8=,ROWhlv5gQ0jh9sKerHE28CkTMq8=
15,3,B5JaSbQiDfaSCl0T3njAs07Wcp8=,hW1XsncaZ1f0GjZXLXQWYIYxqv4=
14,3,B5JaSbQiDfaSCl0T3njAs07Wcp8=,hW1XsncaZ1f0GjZXLXQWYIYxqv4=
13,3,B5JaSbQiDfaSCl0T3njAs07Wcp8=,hW1XsncaZ1f0GjZXLXQWYIYxqv4=
10,8,B5JaSbQiDfaSCl0T3njAs07Wcp8=,ROWhlv5gQ0jh9sKerHE28CkTMq8=
8,13,B5JaSbQiDfaSCl0T3njAs07Wcp8=,ROWhlv5gQ0jh9sKerHE28CkTMq8=
12,3,B5JaSbQiDfaSCl0T3njAs07Wcp8=,hW1XsncaZ1f0GjZXLXQWYIYxqv4=
9,8,B5JaSbQiDfaSCl0T3njAs07Wcp8=,ROWhlv5gQ0jh9sKerHE28CkTMq8=
11,3,B5JaSbQiDfaSCl0T3njAs07Wcp8=,hW1XsncaZ1f0GjZXLXQWYIYxqv4=
9,0,B5JaSbQiDfaSCl0T3njAs07Wcp8=,hW1XsncaZ1f0GjZXLXQWYIYxqv4=
10,3,B5JaSbQiDfaSCl0T3njAs07Wcp8=,hW1XsncaZ1f0GjZXLXQWYIYxqv4=
9,13,B5JaSbQiDfaSCl0T3njAs07Wcp8=,ROWhlv5gQ0jh9sKerHE28CkTMq8=
9,3,B5JaSbQiDfaSCl0T3njAs07Wcp8=,hW1XsncaZ1f0GjZXLXQWYIYxqv4=
15,2,B5JaSbQiDfaSCl0T3njAs07Wcp8=,hW1XsncaZ1f0GjZXLXQWYIYxqv4=
10,13,B5JaSbQiDfaSCl0T3njAs07Wcp8=,ROWhlv5gQ0jh9sKerHE28CkTMq8=
14,2,B5JaSbQiDfaSCl0T3njAs07Wcp8=,hW1XsncaZ1f0GjZXLXQWYIYxqv4=
11,13,B5JaSbQiDfaSCl0T3njAs07Wcp8=,ROWhlv5gQ0jh9sKerHE28CkTMq8=
13,2,B5JaSbQiDfaSCl0T3njAs07Wcp8=,hW1XsncaZ1f0GjZXLXQWYIYxqv4=
10,0,B5JaSbQiDfaSCl0T3njAs07Wcp8=,hW1XsncaZ1f0GjZXLXQWYIYxqv4=
12,13,B5JaSbQiDfaSCl0T3njAs07Wcp8=,ROWhlv5gQ0jh9sKerHE28CkTMq8=
13,13,B5JaSbQiDfaSCl0T3njAs07Wcp8=,ROWhlv5gQ0jh9sKerHE28CkTMq8=
11,0,B5JaSbQiDfaSCl0T3njAs07Wcp8=,hW1XsncaZ1f0GjZXLXQWYIYxqv4=
12,0,B5JaSbQiDfaSCl0T3njAs07Wcp8=,hW1XsncaZ1f0GjZXLXQWYIYxqv4=
13,0,B5JaSbQiDfaSCl0T3njAs07Wcp8=,hW1XsncaZ1f0GjZXLXQWYIYxqv4=
14,13,B5JaSbQiDfaSCl0T3njAs07Wcp8=,ROWhlv5gQ0jh9sKerHE28CkTMq8=
14,0,B5JaSbQiDfaSCl0T3njAs07Wcp8=,hW1XsncaZ1f0GjZXLXQWYIYxqv4=
12,2,B5JaSbQiDfaSCl0T3njAs07Wcp8=,hW1XsncaZ1f0GjZXLXQWYIYxqv4=
15,13,B5JaSbQiDfaSCl0T3njAs07Wcp8=,ROWhlv5gQ0jh9sKerHE28CkTMq8=
11,2,B5JaSbQiDfaSCl0T3njAs07Wcp8=,hW1XsncaZ1f0GjZXLXQWYIYxqv4=
8,14,B5JaSbQiDfaSCl0T3njAs07Wcp8=,ROWhlv5gQ0jh9sKerHE28CkTMq8=
10,2,B5JaSbQiDfaSCl0T3njAs07Wcp8=,hW1XsncaZ1f0GjZXLXQWYIYxqv4=
15,0,B5JaSbQiDfaSCl0T3njAs07Wcp8=,hW1XsncaZ1f0GjZXLXQWYIYxqv4=
9,2,B5JaSbQiDfaSCl0T3njAs07Wcp8=,hW1XsncaZ1f0GjZXLXQWYIYxqv4=
9,1,B5JaSbQiDfaSCl0T3njAs07Wcp8=,hW1XsncaZ1f0GjZXLXQWYIYxqv4=
15,1,B5JaSbQiDfaSCl0T3njAs07Wcp8=,hW1XsncaZ1f0GjZXLXQWYIYxqv4=
14,1,B5JaSbQiDfaSCl0T3njAs07Wcp8=,hW1XsncaZ1f0GjZXLXQWYIYxqv4=
13,1,B5JaSbQiDfaSCl0T3njAs07Wcp8=,hW1XsncaZ1f0GjZXLXQWYIYxqv4=
9,14,B5JaSbQiDfaSCl0T3njAs07Wcp8=,ROWhlv5gQ0jh9sKerHE28CkTMq8=
8,7,B5JaSbQiDfaSCl0T3njAs07Wcp8=,hW1XsncaZ1f0GjZXLXQWYIYxqv4=
12,1,B5JaSbQiDfaSCl0T3njAs07Wcp8=,hW1XsncaZ1f0GjZXLXQWYIYxqv4=
10,14,B5JaSbQiDfaSCl0T3njAs07Wcp8=,ROWhlv5gQ0jh9sKerHE28CkTMq8=
8,6,B5JaSbQiDfaSCl0T3njAs07Wcp8=,hW1XsncaZ1f0GjZXLXQWYIYxqv4=
11,1,B5JaSbQiDfaSCl0T3njAs07Wcp8=,hW1XsncaZ1f0GjZXLXQWYIYxqv4=
10,1,B5JaSbQiDfaSCl0T3njAs07Wcp8=,hW1XsncaZ1f0GjZXLXQWYIYxqv4=
8,5,B5JaSbQiDfaSCl0T3njAs07Wcp8=,hW1XsncaZ1f0GjZXLXQWYIYxqv4=
4,0,B5JaSbQiDfaSCl0T3njAs07Wcp8=,n5tmOAY2L+7rHml/ODzf6WnKPwU=
11,14,B5JaSbQiDfaSCl0T3njAs07Wcp8=,ROWhlv5gQ0jh9sKerHE28CkTMq8=
8,4,B5JaSbQiDfaSCl0T3njAs07Wcp8=,hW1XsncaZ1f0GjZXLXQWYIYxqv4=
12,14,B5JaSbQiDfaSCl0T3njAs07Wcp8=,ROWhlv5gQ0jh9sKerHE28CkTMq8=
3,6,B5JaSbQiDfaSCl0T3njAs07Wcp8=,n5tmOAY2L+7rHml/ODzf6WnKPwU=
8,3,B5JaSbQiDfaSCl0T3njAs07Wcp8=,hW1XsncaZ1f0GjZXLXQWYIYxqv4=
3,7,B5JaSbQiDfaSCl0T3njAs07Wcp8=,n5tmOAY2L+7rHml/ODzf6WnKPwU=
3,4,B5JaSbQiDfaSCl0T3njAs07Wcp8=,n5tmOAY2L+7rHml/ODzf6WnKPwU=
8,2,B5JaSbQiDfaSCl0T3njAs07Wcp8=,hW1XsncaZ1f0GjZXLXQWYIYxqv4=
2,7,B5JaSbQiDfaSCl0T3njAs07Wcp8=,n5tmOAY2L+7rHml/ODzf6WnKPwU=
13,14,B5JaSbQiDfaSCl0T3njAs07Wcp8=,ROWhlv5gQ0jh9sKerHE28CkTMq8=
8,1,B5JaSbQiDfaSCl0T3njAs07Wcp8=,hW1XsncaZ1f0GjZXLXQWYIYxqv4=
3,5,B5JaSbQiDfaSCl0T3njAs07Wcp8=,n5tmOAY2L+7rHml/ODzf6WnKPwU=
3,3,B5JaSbQiDfaSCl0T3njAs07Wcp8=,n5tmOAY2L+7rHml/ODzf6WnKPwU=
8,0,B5JaSbQiDfaSCl0T3njAs07Wcp8=,hW1XsncaZ1f0GjZXLXQWYIYxqv4=
14,14,B5JaSbQiDfaSCl0T3njAs07Wcp8=,ROWhlv5gQ0jh9sKerHE28CkTMq8=
6,0,B5JaSbQiDfaSCl0T3njAs07Wcp8=,n5tmOAY2L+7rHml/ODzf6WnKPwU=
4,4,B5JaSbQiDfaSCl0T3njAs07Wcp8=,n5tmOAY2L+7rHml/ODzf6WnKPwU=
0,1,B5JaSbQiDfaSCl0T3njAs07Wcp8=,n5tmOAY2L+7rHml/ODzf6WnKPwU=
15,14,B5JaSbQiDfaSCl0T3njAs07Wcp8=,ROWhlv5gQ0jh9sKerHE28CkTMq8=
4,2,B5JaSbQiDfaSCl0T3njAs07Wcp8=,n5tmOAY2L+7rHml/ODzf6WnKPwU=
8,15,B5JaSbQiDfaSCl0T3njAs07Wcp8=,ROWhlv5gQ0jh9sKerHE28CkTMq8=
0,0,B5JaSbQiDfaSCl0T3njAs07Wcp8=,n5tmOAY2L+7rHml/ODzf6WnKPwU=
7,7,B5JaSbQiDfaSCl0T3njAs07Wcp8=,n5tmOAY2L+7rHml/ODzf6WnKPwU=
2,5,B5JaSbQiDfaSCl0T3njAs07Wcp8=,n5tmOAY2L+7rHml/ODzf6WnKPwU=
3,2,B5JaSbQiDfaSCl0T3njAs07Wcp8=,n5tmOAY2L+7rHml/ODzf6WnKPwU=
10,15,B5JaSbQiDfaSCl0T3njAs07Wcp8=,ROWhlv5gQ0jh9sKerHE28CkTMq8=
4,6,B5JaSbQiDfaSCl0T3njAs07Wcp8=,n5tmOAY2L+7rHml/ODzf6WnKPwU=
11,15,B5JaSbQiDfaSCl0T3njAs07Wcp8=,ROWhlv5gQ0jh9sKerHE28CkTMq8=
12,15,B5JaSbQiDfaSCl0T3njAs07Wcp8=,ROWhlv5gQ0jh9sKerHE28CkTMq8=
4,8,B5JaSbQiDfaSCl0T3njAs07Wcp8=,QLDat2F/+67vMBX8RPw/rfKt6c8=
13,15,B5JaSbQiDfaSCl0T3njAs07Wcp8=,ROWhlv5gQ0jh9sKerHE28CkTMq8=
5,8,B5JaSbQiDfaSCl0T3njAs07Wcp8=,QLDat2F/+67vMBX8RPw/rfKt6c8=
9,15,B5JaSbQiDfaSCl0T3njAs07Wcp8=,ROWhlv5gQ0jh9sKerHE28CkTMq8=
1,7,B5JaSbQiDfaSCl0T3njAs07Wcp8=,n5tmOAY2L+7rHml/ODzf6WnKPwU=
6,8,B5JaSbQiDfaSCl0T3njAs07Wcp8=,QLDat2F/+67vMBX8RPw/rfKt6c8=
14,15,B5JaSbQiDfaSCl0T3njAs07Wcp8=,ROWhlv5gQ0jh9sKerHE28CkTMq8=
2,3,B5JaSbQiDfaSCl0T3njAs07Wcp8=,n5tmOAY2L+7rHml/ODzf6WnKPwU=
7,5,B5JaSbQiDfaSCl0T3njAs07Wcp8=,n5tmOAY2L+7rHml/ODzf6WnKPwU=
7,8,B5JaSbQiDfaSCl0T3njAs07Wcp8=,QLDat2F/+67vMBX8RPw/rfKt6c8=
0,2,B5JaSbQiDfaSCl0T3njAs07Wcp8=,n5tmOAY2L+7rHml/ODzf6WnKPwU=
1,1,B5JaSbQiDfaSCl0T3njAs07Wcp8=,n5tmOAY2L+7rHml/ODzf6WnKPwU=
2,6,B5JaSbQiDfaSCl0T3njAs07Wcp8=,n5tmOAY2L+7rHml/ODzf6WnKPwU=
0,7,B5JaSbQiDfaSCl0T3njAs07Wcp8=,n5tmOAY2L+7rHml/ODzf6WnKPwU=
6,5,B5JaSbQiDfaSCl0T3njAs07Wcp8=,n5tmOAY2L+7rHml/ODzf6WnKPwU=
4,5,B5JaSbQiDfaSCl0T3njAs07Wcp8=,n5tmOAY2L+7rHml/ODzf6WnKPwU=
7,6,B5JaSbQiDfaSCl0T3njAs07Wcp8=,n5tmOAY2L+7rHml/ODzf6WnKPwU=
4,1,B5JaSbQiDfaSCl0T3njAs07Wcp8=,n5tmOAY2L+7rHml/ODzf6WnKPwU=
5,4,B5JaSbQiDfaSCl0T3njAs07Wcp8=,n5tmOAY2L+7rHml/ODzf6WnKPwU=
2,4,B5JaSbQiDfaSCl0T3njAs07Wcp8=,n5tmOAY2L+7rHml/ODzf6WnKPwU=
1,4,B5JaSbQiDfaSCl0T3njAs07Wcp8=,n5tmOAY2L+7rHml/ODzf6WnKPwU=
2,2,B5JaSbQiDfaSCl0T3njAs07Wcp8=,n5tmOAY2L+7rHml/ODzf6WnKPwU=
6,7,B5JaSbQiDfaSCl0T3njAs07Wcp8=,n5tmOAY2L+7rHml/ODzf6WnKPwU=
6,6,B5JaSbQiDfaSCl0T3njAs07Wcp8=,n5tmOAY2L+7rHml/ODzf6WnKPwU=
0,4,B5JaSbQiDfaSCl0T3njAs07Wcp8=,n5tmOAY2L+7rHml/ODzf6WnKPwU=
7,0,B5JaSbQiDfaSCl0T3njAs07Wcp8=,n5tmOAY2L+7rHml/ODzf6WnKPwU=
4,7,B5JaSbQiDfaSCl0T3njAs07Wcp8=,n5tmOAY2L+7rHml/ODzf6WnKPwU=
7,3,B5JaSbQiDfaSCl0T3njAs07Wcp8=,n5tmOAY2L+7rHml/ODzf6WnKPwU=
6,4,B5JaSbQiDfaSCl0T3njAs07Wcp8=,n5tmOAY2L+7rHml/ODzf6WnKPwU=
8,8,B5JaSbQiDfaSCl0T3njAs07Wcp8=,ROWhlv5gQ0jh9sKerHE28CkTMq8=
5,5,B5JaSbQiDfaSCl0T3njAs07Wcp8=,n5tmOAY2L+7rHml/ODzf6WnKPwU=
6,3,B5JaSbQiDfaSCl0T3njAs07Wcp8=,n5tmOAY2L+7rHml/ODzf6WnKPwU=
5,2,B5JaSbQiDfaSCl0T3njAs07Wcp8=,n5tmOAY2L+7rHml/ODzf6WnKPwU=
1,6,B5JaSbQiDfaSCl0T3njAs07Wcp8=,n5tmOAY2L+7rHml/ODzf6WnKPwU=
6,2,B5JaSbQiDfaSCl0T3njAs07Wcp8=,n5tmOAY2L+7rHml/ODzf6WnKPwU=
0,6,B5JaSbQiDfaSCl0T3njAs07Wcp8=,n5tmOAY2L+7rHml/ODzf6WnKPwU=
0,8,B5JaSbQiDfaSCl0T3njAs07Wcp8=,QLDat2F/+67vMBX8RPw/rfKt6c8=
5,0,B5JaSbQiDfaSCl0T3njAs07Wcp8=,n5tmOAY2L+7rHml/ODzf6WnKPwU=
3,0,B5JaSbQiDfaSCl0T3njAs07Wcp8=,n5tmOAY2L+7rHml/ODzf6WnKPwU=
2,0,B5JaSbQiDfaSCl0T3njAs07Wcp8=,n5tmOAY2L+7rHml/ODzf6WnKPwU=
5,1,B5JaSbQiDfaSCl0T3njAs07Wcp8=,n5tmOAY2L+7rHml/ODzf6WnKPwU=
1,5,B5JaSbQiDfaSCl0T3njAs07Wcp8=,n5tmOAY2L+7rHml/ODzf6WnKPwU=
5,7,B5JaSbQiDfaSCl0T3njAs07Wcp8=,n5tmOAY2L+7rHml/ODzf6WnKPwU=
1,8,B5JaSbQiDfaSCl0T3njAs07Wcp8=,QLDat2F/+67vMBX8RPw/rfKt6c8=
0,5,B5JaSbQiDfaSCl0T3njAs07Wcp8=,n5tmOAY2L+7rHml/ODzf6WnKPwU=
1,3,B5JaSbQiDfaSCl0T3njAs07Wcp8=,n5tmOAY2L+7rHml/ODzf6WnKPwU=
7,2,B5JaSbQiDfaSCl0T3njAs07Wcp8=,n5tmOAY2L+7rHml/ODzf6WnKPwU=
3,1,B5JaSbQiDfaSCl0T3njAs07Wcp8=,n5tmOAY2L+7rHml/ODzf6WnKPwU=
2,8,B5JaSbQiDfaSCl0T3njAs07Wcp8=,QLDat2F/+67vMBX8RPw/rfKt6c8=
1,2,B5JaSbQiDfaSCl0T3njAs07Wcp8=,n5tmOAY2L+7rHml/ODzf6WnKPwU=
4,3,B5JaSbQiDfaSCl0T3njAs07Wcp8=,n5tmOAY2L+7rHml/ODzf6WnKPwU=
5,3,B5JaSbQiDfaSCl0T3njAs07Wcp8=,n5tmOAY2L+7rHml/ODzf6WnKPwU=
0,3,B5JaSbQiDfaSCl0T3njAs07Wcp8=,n5tmOAY2L+7rHml/ODzf6WnKPwU=
1,0,B5JaSbQiDfaSCl0T3njAs07Wcp8=,n5tmOAY2L+7rHml/ODzf6WnKPwU=
3,8,B5JaSbQiDfaSCl0T3njAs07Wcp8=,QLDat2F/+67vMBX8RPw/rfKt6c8=
5,6,B5JaSbQiDfaSCl0T3njAs07Wcp8=,n5tmOAY2L+7rHml/ODzf6WnKPwU=
2,1,B5JaSbQiDfaSCl0T3njAs07Wcp8=,n5tmOAY2L+7rHml/ODzf6WnKPwU=
6,1,B5JaSbQiDfaSCl0T3njAs07Wcp8=,n5tmOAY2L+7rHml/ODzf6WnKPwU=
7,1,B5JaSbQiDfaSCl0T3njAs07Wcp8=,n5tmOAY2L+7rHml/ODzf6WnKPwU=
7,4,B5JaSbQiDfaSCl0T3njAs07Wcp8=,n5tmOAY2L+7rHml/ODzf6WnKPwU=
2,18,UWGck8ixvYwMQDYZrIhfUymPKvY=,QiKbx13vY48u0Fo4jZUo3rGX9og=
3,21,UWGck8ixvYwMQDYZrIhfUymPKvY=,QiKbx13vY48u0Fo4jZUo3rGX9og=
2,21,UWGck8ixvYwMQDYZrIhfUymPKvY=,QiKbx13vY48u0Fo4jZUo3rGX9og=
5,20,UWGck8ixvYwMQDYZrIhfUymPKvY=,QiKbx13vY48u0Fo4jZUo3rGX9og=
4,20,UWGck8ixvYwMQDYZrIhfUymPKvY=,QiKbx13vY48u0Fo4jZUo3rGX9og=
3,20,CA3WmohQba1/I/l/OyqyBzWKAvw=,QiKbx13vY48u0Fo4jZUo3rGX9og=
2,20,CA3WmohQba1/I/l/OyqyBzWKAvw=,QiKbx13vY48u0Fo4jZUo3rGX9og=
1,21,CA3WmohQba1/I/l/OyqyBzWKAvw=,QiKbx13vY48u0Fo4jZUo3rGX9og=
1,17,CA3WmohQba1/I/l/OyqyBzWKAvw=,QiKbx13vY48u0Fo4jZUo3rGX9og=
1,18,CA3WmohQba1/I/l/OyqyBzWKAvw=,QiKbx13vY48u0Fo4jZUo3rGX9og=
6,18,CA3WmohQba1/I/l/OyqyBzWKAvw=,QiKbx13vY48u0Fo4jZUo3rGX9og=
5,19,CA3WmohQba1/I/l/OyqyBzWKAvw=,QiKbx13vY48u0Fo4jZUo3rGX9og=
4,19,CA3WmohQba1/I/l/OyqyBzWKAvw=,QiKbx13vY48u0Fo4jZUo3rGX9og=
3,19,CA3WmohQba1/I/l/OyqyBzWKAvw=,QiKbx13vY48u0Fo4jZUo3rGX9og=
6,16,CA3WmohQba1/I/l/OyqyBzWKAvw=,QiKbx13vY48u0Fo4jZUo3rGX9og=
1,16,CA3WmohQba1/I/l/OyqyBzWKAvw=,QiKbx13vY48u0Fo4jZUo3rGX9og=
1,20,CA3WmohQba1/I/l/OyqyBzWKAvw=,QiKbx13vY48u0Fo4jZUo3rGX9og=
0,20,CA3WmohQba1/I/l/OyqyBzWKAvw=,QiKbx13vY48u0Fo4jZUo3rGX9og=
2,19,CA3WmohQba1/I/l/OyqyBzWKAvw=,QiKbx13vY48u0Fo4jZUo3rGX9og=
5,18,CA3WmohQba1/I/l/OyqyBzWKAvw=,QiKbx13vY48u0Fo4jZUo3rGX9og=
1,19,CA3WmohQba1/I/l/OyqyBzWKAvw=,QiKbx13vY48u0Fo4jZUo3rGX9og=
4,18,CA3WmohQba1/I/l/OyqyBzWKAvw=,QiKbx13vY48u0Fo4jZUo3rGX9og=
0,19,CA3WmohQba1/I/l/OyqyBzWKAvw=,QiKbx13vY48u0Fo4jZUo3rGX9og=
3,18,CA3WmohQba1/I/l/OyqyBzWKAvw=,QiKbx13vY48u0Fo4jZUo3rGX9og=
0,17,CA3WmohQba1/I/l/OyqyBzWKAvw=,QiKbx13vY48u0Fo4jZUo3rGX9og=
5,16,CA3WmohQba1/I/l/OyqyBzWKAvw=,QiKbx13vY48u0Fo4jZUo3rGX9og=
4,16,CA3WmohQba1/I/l/OyqyBzWKAvw=,QiKbx13vY48u0Fo4jZUo3rGX9og=
6,23,CA3WmohQba1/I/l/OyqyBzWKAvw=,QiKbx13vY48u0Fo4jZUo3rGX9og=
5,23,CA3WmohQba1/I/l/OyqyBzWKAvw=,QiKbx13vY48u0Fo4jZUo3rGX9og=
4,23,CA3WmohQba1/I/l/OyqyBzWKAvw=,QiKbx13vY48u0Fo4jZUo3rGX9og=
3,23,CA3WmohQba1/I/l/OyqyBzWKAvw=,QiKbx13vY48u0Fo4jZUo3rGX9og=
2,23,CA3WmohQba1/I/l/OyqyBzWKAvw=,QiKbx13vY48u0Fo4jZUo3rGX9og=
3,16,CA3WmohQba1/I/l/OyqyBzWKAvw=,QiKbx13vY48u0Fo4jZUo3rGX9og=
1,23,CA3WmohQba1/I/l/OyqyBzWKAvw=,QiKbx13vY48u0Fo4jZUo3rGX9og=
0,23,CA3WmohQba1/I/l/OyqyBzWKAvw=,QiKbx13vY48u0Fo4jZUo3rGX9og=
6,22,CA3WmohQba1/I/l/OyqyBzWKAvw=,QiKbx13vY48u0Fo4jZUo3rGX9og=
5,22,CA3WmohQba1/I/l/OyqyBzWKAvw=,QiKbx13vY48u0Fo4jZUo3rGX9og=
4,22,CA3WmohQba1/I/l/OyqyBzWKAvw=,QiKbx13vY48u0Fo4jZUo3rGX9og=
3,22,CA3WmohQba1/I/l/OyqyBzWKAvw=,QiKbx13vY48u0Fo4jZUo3rGX9og=
2,16,CA3WmohQba1/I/l/OyqyBzWKAvw=,QiKbx13vY48u0Fo4jZUo3rGX9og=
2,22,CA3WmohQba1/I/l/OyqyBzWKAvw=,QiKbx13vY48u0Fo4jZUo3rGX9og=
1,22,CA3WmohQba1/I/l/OyqyBzWKAvw=,QiKbx13vY48u0Fo4jZUo3rGX9og=
0,22,CA3WmohQba1/I/l/OyqyBzWKAvw=,QiKbx13vY48u0Fo4jZUo3rGX9og=
6,21,CA3WmohQba1/I/l/OyqyBzWKAvw=,QiKbx13vY48u0Fo4jZUo3rGX9og=
5,21,CA3WmohQba1/I/l/OyqyBzWKAvw=,QiKbx13vY48u0Fo4jZUo3rGX9og=
4,21,CA3WmohQba1/I/l/OyqyBzWKAvw=,QiKbx13vY48u0Fo4jZUo3rGX9og=
0,16,CA3WmohQba1/I/l/OyqyBzWKAvw=,QiKbx13vY48u0Fo4jZUo3rGX9og=
0,18,CA3WmohQba1/I/l/OyqyBzWKAvw=,QiKbx13vY48u0Fo4jZUo3rGX9og=
5,17,CA3WmohQba1/I/l/OyqyBzWKAvw=,QiKbx13vY48u0Fo4jZUo3rGX9og=
4,17,CA3WmohQba1/I/l/OyqyBzWKAvw=,QiKbx13vY48u0Fo4jZUo3rGX9og=
3,17,CA3WmohQba1/I/l/OyqyBzWKAvw=,QiKbx13vY48u0Fo4jZUo3rGX9og=
2,17,CA3WmohQba1/I/l/OyqyBzWKAvw=,QiKbx13vY48u0Fo4jZUo3rGX9og=
6,17,CA3WmohQba1/I/l/OyqyBzWKAvw=,QiKbx13vY48u0Fo4jZUo3rGX9og=
0,21,CA3WmohQba1/I/l/OyqyBzWKAvw=,QiKbx13vY48u0Fo4jZUo3rGX9og=
6,20,CA3WmohQba1/I/l/OyqyBzWKAvw=,QiKbx13vY48u0Fo4jZUo3rGX9og=
6,19,CA3WmohQba1/I/l/OyqyBzWKAvw=,QiKbx13vY48u0Fo4jZUo3rGX9og=
7,20,CA3WmohQba1/I/l/OyqyBzWKAvw=,QiKbx13vY48u0Fo4jZUo3rGX9og=
12,19,CA3WmohQba1/I/l/OyqyBzWKAvw=,LcpxG42hdsfAlyhEgcPjztbfUEY=
15,23,CA3WmohQba1/I/l/OyqyBzWKAvw=,LcpxG42hdsfAlyhEgcPjztbfUEY=
7,17,CA3WmohQba1/I/l/OyqyBzWKAvw=,QiKbx13vY48u0Fo4jZUo3rGX9og=
13,19,CA3WmohQba1/I/l/OyqyBzWKAvw=,LcpxG42hdsfAlyhEgcPjztbfUEY=
7,21,CA3WmohQba1/I/l/OyqyBzWKAvw=,QiKbx13vY48u0Fo4jZUo3rGX9og=
14,19,CA3WmohQba1/I/l/OyqyBzWKAvw=,LcpxG42hdsfAlyhEgcPjztbfUEY=
7,22,CA3WmohQba1/I/l/OyqyBzWKAvw=,QiKbx13vY48u0Fo4jZUo3rGX9og=
15,19,CA3WmohQba1/I/l/OyqyBzWKAvw=,LcpxG42hdsfAlyhEgcPjztbfUEY=
7,23,CA3WmohQba1/I/l/OyqyBzWKAvw=,QiKbx13vY48u0Fo4jZUo3rGX9og=
11,19,CA3WmohQba1/I/l/OyqyBzWKAvw=,LcpxG42hdsfAlyhEgcPjztbfUEY=
8,16,CA3WmohQba1/I/l/OyqyBzWKAvw=,LcpxG42hdsfAlyhEgcPjztbfUEY=
8,20,CA3WmohQba1/I/l/OyqyBzWKAvw=,LcpxG42hdsfAlyhEgcPjztbfUEY=
10,19,CA3WmohQba1/I/l/OyqyBzWKAvw=,LcpxG42hdsfAlyhEgcPjztbfUEY=
14,23,CA3WmohQba1/I/l/OyqyBzWKAvw=,LcpxG42hdsfAlyhEgcPjztbfUEY=
7,16,CA3WmohQba1/I/l/OyqyBzWKAvw=,QiKbx13vY48u0Fo4jZUo3rGX9og=
13,23,CA3WmohQba1/I/l/OyqyBzWKAvw=,LcpxG42hdsfAlyhEgcPjztbfUEY=
9,16,CA3WmohQba1/I/l/OyqyBzWKAvw=,LcpxG42hdsfAlyhEgcPjztbfUEY=
9,19,CA3WmohQba1/I/l/OyqyBzWKAvw=,LcpxG42hdsfAlyhEgcPjztbfUEY=
8,19,CA3WmohQba1/I/l/OyqyBzWKAvw=,LcpxG42hdsfAlyhEgcPjztbfUEY=
10,16,CA3WmohQba1/I/l/OyqyBzWKAvw=,LcpxG42hdsfAlyhEgcPjztbfUEY=
15,18,CA3WmohQba1/I/l/OyqyBzWKAvw=,LcpxG42hdsfAlyhEgcPjztbfUEY=
12,23,CA3WmohQba1/I/l/OyqyBzWKAvw=,LcpxG42hdsfAlyhEgcPjztbfUEY=
11,16,CA3WmohQba1/I/l/OyqyBzWKAvw=,LcpxG42hdsfAlyhEgcPjztbfUEY=
12,16,CA3WmohQba1/I/l/OyqyBzWKAvw=,LcpxG42hdsfAlyhEgcPjztbfUEY=
11,23,CA3WmohQba1/I/l/OyqyBzWKAvw=,LcpxG42hdsfAlyhEgcPjztbfUEY=
14,18,CA3WmohQba1/I/l/OyqyBzWKAvw=,LcpxG42hdsfAlyhEgcPjztbfUEY=
13,16,CA3WmohQba1/I/l/OyqyBzWKAvw=,LcpxG42hdsfAlyhEgcPjztbfUEY=
13,18,CA3WmohQba1/I/l/OyqyBzWKAvw=,LcpxG42hdsfAlyhEgcPjztbfUEY=
12,18,CA3WmohQba1/I/l/OyqyBzWKAvw=,LcpxG42hdsfAlyhEgcPjztbfUEY=
10,23,CA3WmohQba1/I/l/OyqyBzWKAvw=,LcpxG42hdsfAlyhEgcPjztbfUEY=
14,16,CA3WmohQba1/I/l/OyqyBzWKAvw=,LcpxG42hdsfAlyhEgcPjztbfUEY=
9,23,CA3WmohQba1/I/l/OyqyBzWKAvw=,LcpxG42hdsfAlyhEgcPjztbfUEY=
11,18,CA3WmohQba1/I/l/OyqyBzWKAvw=,LcpxG42hdsfAlyhEgcPjztbfUEY=
9,20,CA3WmohQba1/I/l/OyqyBzWKAvw=,LcpxG42hdsfAlyhEgcPjztbfUEY=
15,16,CA3WmohQba1/I/l/OyqyBzWKAvw=,LcpxG42hdsfAlyhEgcPjztbfUEY=
8,23,CA3WmohQba1/I/l/OyqyBzWKAvw=,LcpxG42hdsfAlyhEgcPjztbfUEY=
8,17,CA3WmohQba1/I/l/OyqyBzWKAvw=,LcpxG42hdsfAlyhEgcPjztbfUEY=
10,18,CA3WmohQba1/I/l/OyqyBzWKAvw=,LcpxG42hdsfAlyhEgcPjztbfUEY=
15,22,CA3WmohQba1/I/l/OyqyBzWKAvw=,LcpxG42hdsfAlyhEgcPjztbfUEY=
7,18,CA3WmohQba1/I/l/OyqyBzWKAvw=,QiKbx13vY48u0Fo4jZUo3rGX9og=
14,22,CA3WmohQba1/I/l/OyqyBzWKAvw=,LcpxG42hdsfAlyhEgcPjztbfUEY=
13,22,CA3WmohQba1/I/l/OyqyBzWKAvw=,LcpxG42hdsfAlyhEgcPjztbfUEY=
12,22,CA3WmohQba1/I/l/OyqyBzWKAvw=,LcpxG42hdsfAlyhEgcPjztbfUEY=
11,22,CA3WmohQba1/I/l/OyqyBzWKAvw=,LcpxG42hdsfAlyhEgcPjztbfUEY=
10,22,CA3WmohQba1/I/l/OyqyBzWKAvw=,LcpxG42hdsfAlyhEgcPjztbfUEY=
9,22,CA3WmohQba1/I/l/OyqyBzWKAvw=,LcpxG42hdsfAlyhEgcPjztbfUEY=
8,22,CA3WmohQba1/I/l/OyqyBzWKAvw=,LcpxG42hdsfAlyhEgcPjztbfUEY=
9,17,CA3WmohQba1/I/l/OyqyBzWKAvw=,LcpxG42hdsfAlyhEgcPjztbfUEY=
9,18,CA3WmohQba1/I/l/OyqyBzWKAvw=,LcpxG42hdsfAlyhEgcPjztbfUEY=
15,21,CA3WmohQba1/I/l/OyqyBzWKAvw=,LcpxG42hdsfAlyhEgcPjztbfUEY=
14,21,CA3WmohQba1/I/l/OyqyBzWKAvw=,LcpxG42hdsfAlyhEgcPjztbfUEY=
10,17,CA3WmohQba1/I/l/OyqyBzWKAvw=,LcpxG42hdsfAlyhEgcPjztbfUEY=
8,18,CA3WmohQba1/I/l/OyqyBzWKAvw=,LcpxG42hdsfAlyhEgcPjztbfUEY=
13,21,CA3WmohQba1/I/l/OyqyBzWKAvw=,LcpxG42hdsfAlyhEgcPjztbfUEY=
15,17,CA3WmohQba1/I/l/OyqyBzWKAvw=,LcpxG42hdsfAlyhEgcPjztbfUEY=
11,17,CA3WmohQba1/I/l/OyqyBzWKAvw=,LcpxG42hdsfAlyhEgcPjztbfUEY=
7,19,CA3WmohQba1/I/l/OyqyBzWKAvw=,QiKbx13vY48u0Fo4jZUo3rGX9og=
12,21,CA3WmohQba1/I/l/OyqyBzWKAvw=,LcpxG42hdsfAlyhEgcPjztbfUEY=
12,17,CA3WmohQba1/I/l/OyqyBzWKAvw=,LcpxG42hdsfAlyhEgcPjztbfUEY=
11,21,CA3WmohQba1/I/l/OyqyBzWKAvw=,LcpxG42hdsfAlyhEgcPjztbfUEY=
10,21,CA3WmohQba1/I/l/OyqyBzWKAvw=,LcpxG42hdsfAlyhEgcPjztbfUEY=
14,17,CA3WmohQba1/I/l/OyqyBzWKAvw=,LcpxG42hdsfAlyhEgcPjztbfUEY=
10,20,CA3WmohQba1/I/l/OyqyBzWKAvw=,LcpxG42hdsfAlyhEgcPjztbfUEY=
8,21,CA3WmohQba1/I/l/OyqyBzWKAvw=,LcpxG42hdsfAlyhEgcPjztbfUEY=
15,20,CA3WmohQba1/I/l/OyqyBzWKAvw=,LcpxG42hdsfAlyhEgcPjztbfUEY=
9,21,CA3WmohQba1/I/l/OyqyBzWKAvw=,LcpxG42hdsfAlyhEgcPjztbfUEY=
14,20,CA3WmohQba1/I/l/OyqyBzWKAvw=,LcpxG42hdsfAlyhEgcPjztbfUEY=
13,20,CA3WmohQba1/I/l/OyqyBzWKAvw=,LcpxG42hdsfAlyhEgcPjztbfUEY=
11,20,CA3WmohQba1/I/l/OyqyBzWKAvw=,LcpxG42hdsfAlyhEgcPjztbfUEY=
13,17,CA3WmohQba1/I/l/OyqyBzWKAvw=,LcpxG42hdsfAlyhEgcPjztbfUEY=
12,20,CA3WmohQba1/I/l/OyqyBzWKAvw=,LcpxG42hdsfAlyhEgcPjztbfUEY=
28,13,CA3WmohQba1/I/l/OyqyBzWKAvw=,SilJcbBeHLSqxlZLG8A80Tw22ZA=
27,13,CA3WmohQba1/I/l/OyqyBzWKAvw=,SilJcbBeHLSqxlZLG8A80Tw22ZA=
26,13,CA3WmohQba1/I/l/OyqyBzWKAvw=,SilJcbBeHLSqxlZLG8A80Tw22ZA=
25,13,CA3WmohQba1/I/l/OyqyBzWKAvw=,SilJcbBeHLSqxlZLG8A80Tw22ZA=
30,12,CA3WmohQba1/I/l/OyqyBzWKAvw=,SilJcbBeHLSqxlZLG8A80Tw22ZA=
29,12,CA3WmohQba1/I/l/OyqyBzWKAvw=,SilJcbBeHLSqxlZLG8A80Tw22ZA=
30,9,CA3WmohQba1/I/l/OyqyBzWKAvw=,SilJcbBeHLSqxlZLG8A80Tw22ZA=
29,9,CA3WmohQba1/I/l/OyqyBzWKAvw=,SilJcbBeHLSqxlZLG8A80Tw22ZA=
28,12,CA3WmohQba1/I/l/OyqyBzWKAvw=,SilJcbBeHLSqxlZLG8A80Tw22ZA=
25,9,CA3WmohQba1/I/l/OyqyBzWKAvw=,SilJcbBeHLSqxlZLG8A80Tw22ZA=
27,9,CA3WmohQba1/I/l/OyqyBzWKAvw=,SilJcbBeHLSqxlZLG8A80Tw22ZA=
30,14,CA3WmohQba1/I/l/OyqyBzWKAvw=,SilJcbBeHLSqxlZLG8A80Tw22ZA=
29,14,CA3WmohQba1/I/l/OyqyBzWKAvw=,SilJcbBeHLSqxlZLG8A80Tw22ZA=
27,12,CA3WmohQba1/I/l/OyqyBzWKAvw=,SilJcbBeHLSqxlZLG8A80Tw22ZA=
28,14,CA3WmohQba1/I/l/OyqyBzWKAvw=,SilJcbBeHLSqxlZLG8A80Tw22ZA=
30,11,CA3WmohQba1/I/l/OyqyBzWKAvw=,SilJcbBeHLSqxlZLG8A80Tw22ZA=
29,11,CA3WmohQba1/I/l/OyqyBzWKAvw=,SilJcbBeHLSqxlZLG8A80Tw22ZA=
28,11,CA3WmohQba1/I/l/OyqyBzWKAvw=,SilJcbBeHLSqxlZLG8A80Tw22ZA=
27,11,CA3WmohQba1/I/l/OyqyBzWKAvw=,SilJcbBeHLSqxlZLG8A80Tw22ZA=
26,11,CA3WmohQba1/I/l/OyqyBzWKAvw=,SilJcbBeHLSqxlZLG8A80Tw22ZA=
25,11,CA3WmohQba1/I/l/OyqyBzWKAvw=,SilJcbBeHLSqxlZLG8A80Tw22ZA=
26,12,CA3WmohQba1/I/l/OyqyBzWKAvw=,SilJcbBeHLSqxlZLG8A80Tw22ZA=
27,14,nzXkTbmJ6ZFfG1kRDz7sxDSy6P8=,SilJcbBeHLSqxlZLG8A80Tw22ZA=
30,10,nzXkTbmJ6ZFfG1kRDz7sxDSy6P8=,SilJcbBeHLSqxlZLG8A80Tw22ZA=
29,10,nzXkTbmJ6ZFfG1kRDz7sxDSy6P8=,SilJcbBeHLSqxlZLG8A80Tw22ZA=
28,10,nzXkTbmJ6ZFfG1kRDz7sxDSy6P8=,SilJcbBeHLSqxlZLG8A80Tw22ZA=
27,10,nzXkTbmJ6ZFfG1kRDz7sxDSy6P8=,SilJcbBeHLSqxlZLG8A80Tw22ZA=
26,10,nzXkTbmJ6ZFfG1kRDz7sxDSy6P8=,SilJcbBeHLSqxlZLG8A80Tw22ZA=
25,10,nzXkTbmJ6ZFfG1kRDz7sxDSy6P8=,SilJcbBeHLSqxlZLG8A80Tw22ZA=
26,9,nzXkTbmJ6ZFfG1kRDz7sxDSy6P8=,SilJcbBeHLSqxlZLG8A80Tw22ZA=
25,12,nzXkTbmJ6ZFfG1kRDz7sxDSy6P8=,SilJcbBeHLSqxlZLG8A80Tw22ZA=
26,14,nzXkTbmJ6ZFfG1kRDz7sxDSy6P8=,SilJcbBeHLSqxlZLG8A80Tw22ZA=
25,14,nzXkTbmJ6ZFfG1kRDz7sxDSy6P8=,SilJcbBeHLSqxlZLG8A80Tw22ZA=
30,13,nzXkTbmJ6ZFfG1kRDz7sxDSy6P8=,SilJcbBeHLSqxlZLG8A80Tw22ZA=
29,13,nzXkTbmJ6ZFfG1kRDz7sxDSy6P8=,SilJcbBeHLSqxlZLG8A80Tw22ZA=
28,9,nzXkTbmJ6ZFfG1kRDz7sxDSy6P8=,SilJcbBeHLSqxlZLG8A80Tw22ZA=
24,14,nzXkTbmJ6ZFfG1kRDz7sxDSy6P8=,SilJcbBeHLSqxlZLG8A80Tw22ZA=
24,12,nzXkTbmJ6ZFfG1kRDz7sxDSy6P8=,SilJcbBeHLSqxlZLG8A80Tw22ZA=
24,10,nzXkTbmJ6ZFfG1kRDz7sxDSy6P8=,SilJcbBeHLSqxlZLG8A80Tw22ZA=
24,11,nzXkTbmJ6ZFfG1kRDz7sxDSy6P8=,SilJcbBeHLSqxlZLG8A80Tw22ZA=
24,9,nzXkTbmJ6ZFfG1kRDz7sxDSy6P8=,SilJcbBeHLSqxlZLG8A80Tw22ZA=
20,11,nzXkTbmJ6ZFfG1kRDz7sxDSy6P8=,B792RUauS8w0+nSIHhvmHD14yXw=
21,11,nzXkTbmJ6ZFfG1kRDz7sxDSy6P8=,B792RUauS8w0+nSIHhvmHD14yXw=
22,11,nzXkTbmJ6ZFfG1kRDz7sxDSy6P8=,B792RUauS8w0+nSIHhvmHD14yXw=
23,11,nzXkTbmJ6ZFfG1kRDz7sxDSy6P8=,B792RUauS8w0+nSIHhvmHD14yXw=
17,12,nzXkTbmJ6ZFfG1kRDz7sxDSy6P8=,B792RUauS8w0+nSIHhvmHD14yXw=
18,12,nzXkTbmJ6ZFfG1kRDz7sxDSy6P8=,B792RUauS8w0+nSIHhvmHD14yXw=
19,12,nzXkTbmJ6ZFfG1kRDz7sxDSy6P8=,B792RUauS8w0+nSIHhvmHD14yXw=
20,12,nzXkTbmJ6ZFfG1kRDz7sxDSy6P8=,B792RUauS8w0+nSIHhvmHD14yXw=
21,12,nzXkTbmJ6ZFfG1kRDz7sxDSy6P8=,B792RUauS8w0+nSIHhvmHD14yXw=
22,12,nzXkTbmJ6ZFfG1kRDz7sxDSy6P8=,B792RUauS8w0+nSIHhvmHD14yXw=
23,12,nzXkTbmJ6ZFfG1kRDz7sxDSy6P8=,B792RUauS8w0+nSIHhvmHD14yXw=
17,13,nzXkTbmJ6ZFfG1kRDz7sxDSy6P8=,B792RUauS8w0+nSIHhvmHD14yXw=
18,13,nzXkTbmJ6ZFfG1kRDz7sxDSy6P8=,B792RUauS8w0+nSIHhvmHD14yXw=
19,13,nzXkTbmJ6ZFfG1kRDz7sxDSy6P8=,B792RUauS8w0+nSIHhvmHD14yXw=
20,13,nzXkTbmJ6ZFfG1kRDz7sxDSy6P8=,B792RUauS8w0+nSIHhvmHD14yXw=
21,13,nzXkTbmJ6ZFfG1kRDz7sxDSy6P8=,B792RUauS8w0+nSIHhvmHD14yXw=
22,13,nzXkTbmJ6ZFfG1kRDz7sxDSy6P8=,B792RUauS8w0+nSIHhvmHD14yXw=
23,13,nzXkTbmJ6ZFfG1kRDz7sxDSy6P8=,B792RUauS8w0+nSIHhvmHD14yXw=
17,14,nzXkTbmJ6ZFfG1kRDz7sxDSy6P8=,B792RUauS8w0+nSIHhvmHD14yXw=
18,14,nzXkTbmJ6ZFfG1kRDz7sxDSy6P8=,B792RUauS8w0+nSIHhvmHD14yXw=
19,14,nzXkTbmJ6ZFfG1kRDz7sxDSy6P8=,B792RUauS8w0+nSIHhvmHD14yXw=
20,14,nzXkTbmJ6ZFfG1kRDz7sxDSy6P8=,B792RUauS8w0+nSIHhvmHD14yXw=
17,9,nzXkTbmJ6ZFfG1kRDz7sxDSy6P8=,B792RUauS8w0+nSIHhvmHD14yXw=
18,9,nzXkTbmJ6ZFfG1kRDz7sxDSy6P8=,B792RUauS8w0+nSIHhvmHD14yXw=
21,14,nzXkTbmJ6ZFfG1kRDz7sxDSy6P8=,B792RUauS8w0+nSIHhvmHD14yXw=
22,15,nzXkTbmJ6ZFfG1kRDz7sxDSy6P8=,B792RUauS8w0+nSIHhvmHD14yXw=
21,15,nzXkTbmJ6ZFfG1kRDz7sxDSy6P8=,B792RUauS8w0+nSIHhvmHD14yXw=
19,11,nzXkTbmJ6ZFfG1kRDz7sxDSy6P8=,B792RUauS8w0+nSIHhvmHD14yXw=
20,15,nzXkTbmJ6ZFfG1kRDz7sxDSy6P8=,B792RUauS8w0+nSIHhvmHD14yXw=
19,15,nzXkTbmJ6ZFfG1kRDz7sxDSy6P8=,B792RUauS8w0+nSIHhvmHD14yXw=
18,11,nzXkTbmJ6ZFfG1kRDz7sxDSy6P8=,B792RUauS8w0+nSIHhvmHD14yXw=
17,11,nzXkTbmJ6ZFfG1kRDz7sxDSy6P8=,B792RUauS8w0+nSIHhvmHD14yXw=
19,9,nzXkTbmJ6ZFfG1kRDz7sxDSy6P8=,B792RUauS8w0+nSIHhvmHD14yXw=
22,14,nzXkTbmJ6ZFfG1kRDz7sxDSy6P8=,B792RUauS8w0+nSIHhvmHD14yXw=
23,14,nzXkTbmJ6ZFfG1kRDz7sxDSy6P8=,B792RUauS8w0+nSIHhvmHD14yXw=
18,15,nzXkTbmJ6ZFfG1kRDz7sxDSy6P8=,B792RUauS8w0+nSIHhvmHD14yXw=
20,9,nzXkTbmJ6ZFfG1kRDz7sxDSy6P8=,B792RUauS8w0+nSIHhvmHD14yXw=
21,9,nzXkTbmJ6ZFfG1kRDz7sxDSy6P8=,B792RUauS8w0+nSIHhvmHD14yXw=
17,15,nzXkTbmJ6ZFfG1kRDz7sxDSy6P8=,B792RUauS8w0+nSIHhvmHD14yXw=
24,13,nzXkTbmJ6ZFfG1kRDz7sxDSy6P8=,SilJcbBeHLSqxlZLG8A80Tw22ZA=
22,9,nzXkTbmJ6ZFfG1kRDz7sxDSy6P8=,B792RUauS8w0+nSIHhvmHD14yXw=
23,10,nzXkTbmJ6ZFfG1kRDz7sxDSy6P8=,B792RUauS8w0+nSIHhvmHD14yXw=
21,10,nzXkTbmJ6ZFfG1kRDz7sxDSy6P8=,B792RUauS8w0+nSIHhvmHD14yXw=
20,10,nzXkTbmJ6ZFfG1kRDz7sxDSy6P8=,B792RUauS8w0+nSIHhvmHD14yXw=
19,10,nzXkTbmJ6ZFfG1kRDz7sxDSy6P8=,B792RUauS8w0+nSIHhvmHD14yXw=
18,10,nzXkTbmJ6ZFfG1kRDz7sxDSy6P8=,B792RUauS8w0+nSIHhvmHD14yXw=
17,10,nzXkTbmJ6ZFfG1kRDz7sxDSy6P8=,B792RUauS8w0+nSIHhvmHD14yXw=
23,9,nzXkTbmJ6ZFfG1kRDz7sxDSy6P8=,B792RUauS8w0+nSIHhvmHD14yXw=
22,10,nzXkTbmJ6ZFfG1kRDz7sxDSy6P8=,B792RUauS8w0+nSIHhvmHD14yXw=
31,13,nzXkTbmJ6ZFfG1kRDz7sxDSy6P8=,SilJcbBeHLSqxlZLG8A80Tw22ZA=
31,14,nzXkTbmJ6ZFfG1kRDz7sxDSy6P8=,SilJcbBeHLSqxlZLG8A80Tw22ZA=
31,10,nzXkTbmJ6ZFfG1kRDz7sxDSy6P8=,SilJcbBeHLSqxlZLG8A80Tw22ZA=
31,12,nzXkTbmJ6ZFfG1kRDz7sxDSy6P8=,SilJcbBeHLSqxlZLG8A80Tw22ZA=
31,9,nzXkTbmJ6ZFfG1kRDz7sxDSy6P8=,SilJcbBeHLSqxlZLG8A80Tw22ZA=
31,11,nzXkTbmJ6ZFfG1kRDz7sxDSy6P8=,SilJcbBeHLSqxlZLG8A80Tw22ZA=
24,15,nzXkTbmJ6ZFfG1kRDz7sxDSy6P8=,SilJcbBeHLSqxlZLG8A80Tw22ZA=
25,15,nzXkTbmJ6ZFfG1kRDz7sxDSy6P8=,SilJcbBeHLSqxlZLG8A80Tw22ZA=
26,15,nzXkTbmJ6ZFfG1kRDz7sxDSy6P8=,SilJcbBeHLSqxlZLG8A80Tw22ZA=
27,15,nzXkTbmJ6ZFfG1kRDz7sxDSy6P8=,SilJcbBeHLSqxlZLG8A80Tw22ZA=
28,15,nzXkTbmJ6ZFfG1kRDz7sxDSy6P8=,SilJcbBeHLSqxlZLG8A80Tw22ZA=
29,15,nzXkTbmJ6ZFfG1kRDz7sxDSy6P8=,SilJcbBeHLSqxlZLG8A80Tw22ZA=
30,15,nzXkTbmJ6ZFfG1kRDz7sxDSy6P8=,SilJcbBeHLSqxlZLG8A80Tw22ZA=
23,15,nzXkTbmJ6ZFfG1kRDz7sxDSy6P8=,B792RUauS8w0+nSIHhvmHD14yXw=
16,12,nzXkTbmJ6ZFfG1kRDz7sxDSy6P8=,B792RUauS8w0+nSIHhvmHD14yXw=
16,13,nzXkTbmJ6ZFfG1kRDz7sxDSy6P8=,B792RUauS8w0+nSIHhvmHD14yXw=
16,14,nzXkTbmJ6ZFfG1kRDz7sxDSy6P8=,B792RUauS8w0+nSIHhvmHD14yXw=
16,9,nzXkTbmJ6ZFfG1kRDz7sxDSy6P8=,B792RUauS8w0+nSIHhvmHD14yXw=
16,10,nzXkTbmJ6ZFfG1kRDz7sxDSy6P8=,B792RUauS8w0+nSIHhvmHD14yXw=
16,15,nzXkTbmJ6ZFfG1kRDz7sxDSy6P8=,B792RUauS8w0+nSIHhvmHD14yXw=
16,11,nzXkTbmJ6ZFfG1kRDz7sxDSy6P8=,B792RUauS8w0+nSIHhvmHD14yXw=
31,15,nzXkTbmJ6ZFfG1kRDz7sxDSy6P8=,SilJcbBeHLSqxlZLG8A80Tw22ZA=
28,3,nzXkTbmJ6ZFfG1kRDz7sxDSy6P8=,MlHlEE8dERnmtOIrhXx7UmAydUA=
29,3,nzXkTbmJ6ZFfG1kRDz7sxDSy6P8=,MlHlEE8dERnmtOIrhXx7UmAydUA=
31,7,nzXkTbmJ6ZFfG1kRDz7sxDSy6P8=,MlHlEE8dERnmtOIrhXx7UmAydUA=
27,8,nzXkTbmJ6ZFfG1kRDz7sxDSy6P8=,SilJcbBeHLSqxlZLG8A80Tw22ZA=
27,3,nzXkTbmJ6ZFfG1kRDz7sxDSy6P8=,MlHlEE8dERnmtOIrhXx7UmAydUA=
30,7,nzXkTbmJ6ZFfG1kRDz7sxDSy6P8=,MlHlEE8dERnmtOIrhXx7UmAydUA=
26,3,nzXkTbmJ6ZFfG1kRDz7sxDSy6P8=,MlHlEE8dERnmtOIrhXx7UmAydUA=
28,7,nzXkTbmJ6ZFfG1kRDz7sxDSy6P8=,MlHlEE8dERnmtOIrhXx7UmAydUA=
27,7,nzXkTbmJ6ZFfG1kRDz7sxDSy6P8=,MlHlEE8dERnmtOIrhXx7UmAydUA=
26,7,nzXkTbmJ6ZFfG1kRDz7sxDSy6P8=,MlHlEE8dERnmtOIrhXx7UmAydUA=
25,3,nzXkTbmJ6ZFfG1kRDz7sxDSy6P8=,MlHlEE8dERnmtOIrhXx7UmAydUA=
29,7,nzXkTbmJ6ZFfG1kRDz7sxDSy6P8=,MlHlEE8dERnmtOIrhXx7UmAydUA=
25,7,nzXkTbmJ6ZFfG1kRDz7sxDSy6P8=,MlHlEE8dERnmtOIrhXx7UmAydUA=
31,2,nzXkTbmJ6ZFfG1kRDz7sxDSy6P8=,MlHlEE8dERnmtOIrhXx7UmAydUA=
29,2,nzXkTbmJ6ZFfG1kRDz7sxDSy6P8=,MlHlEE8dERnmtOIrhXx7UmAydUA=
30,2,nzXkTbmJ6ZFfG1kRDz7sxDSy6P8=,MlHlEE8dERnmtOIrhXx7UmAydUA=
28,2,nzXkTbmJ6ZFfG1kRDz7sxDSy6P8=,MlHlEE8dERnmtOIrhXx7UmAydUA=
27,2,nzXkTbmJ6ZFfG1kRDz7sxDSy6P8=,MlHlEE8dERnmtOIrhXx7UmAydUA=
26,2,nzXkTbmJ6ZFfG1kRDz7sxDSy6P8=,MlHlEE8dERnmtOIrhXx7UmAydUA=
31,1,nzXkTbmJ6ZFfG1kRDz7sxDSy6P8=,MlHlEE8dERnmtOIrhXx7UmAydUA=
25,2,nzXkTbmJ6ZFfG1kRDz7sxDSy6P8=,MlHlEE8dERnmtOIrhXx7UmAydUA=
30,1,nzXkTbmJ6ZFfG1kRDz7sxDSy6P8=,MlHlEE8dERnmtOIrhXx7UmAydUA=
29,1,nzXkTbmJ6ZFfG1kRDz7sxDSy6P8=,MlHlEE8dERnmtOIrhXx7UmAydUA=
28,1,nzXkTbmJ6ZFfG1kRDz7sxDSy6P8=,MlHlEE8dERnmtOIrhXx7UmAydUA=
31,6,nzXkTbmJ6ZFfG1kRDz7sxDSy6P8=,MlHlEE8dERnmtOIrhXx7UmAydUA=
24,4,nzXkTbmJ6ZFfG1kRDz7sxDSy6P8=,MlHlEE8dERnmtOIrhXx7UmAydUA=
30,6,nzXkTbmJ6ZFfG1kRDz7sxDSy6P8=,MlHlEE8dERnmtOIrhXx7UmAydUA=
27,1,nzXkTbmJ6ZFfG1kRDz7sxDSy6P8=,MlHlEE8dERnmtOIrhXx7UmAydUA=
24,8,nzXkTbmJ6ZFfG1kRDz7sxDSy6P8=,SilJcbBeHLSqxlZLG8A80Tw22ZA=
29,6,nzXkTbmJ6ZFfG1kRDz7sxDSy6P8=,MlHlEE8dERnmtOIrhXx7UmAydUA=
26,1,nzXkTbmJ6ZFfG1kRDz7sxDSy6P8=,MlHlEE8dERnmtOIrhXx7UmAydUA=
24,5,nzXkTbmJ6ZFfG1kRDz7sxDSy6P8=,MlHlEE8dERnmtOIrhXx7UmAydUA=
28,6,nzXkTbmJ6ZFfG1kRDz7sxDSy6P8=,MlHlEE8dERnmtOIrhXx7UmAydUA=
27,6,nzXkTbmJ6ZFfG1kRDz7sxDSy6P8=,MlHlEE8dERnmtOIrhXx7UmAydUA=
24,0,nzXkTbmJ6ZFfG1kRDz7sxDSy6P8=,MlHlEE8dERnmtOIrhXx7UmAydUA=
25,1,nzXkTbmJ6ZFfG1kRDz7sxDSy6P8=,MlHlEE8dERnmtOIrhXx7UmAydUA=
31,0,nzXkTbmJ6ZFfG1kRDz7sxDSy6P8=,MlHlEE8dERnmtOIrhXx7UmAydUA=
24,6,nzXkTbmJ6ZFfG1kRDz7sxDSy6P8=,MlHlEE8dERnmtOIrhXx7UmAydUA=
26,6,nzXkTbmJ6ZFfG1kRDz7sxDSy6P8=,MlHlEE8dERnmtOIrhXx7UmAydUA=
25,6,nzXkTbmJ6ZFfG1kRDz7sxDSy6P8=,MlHlEE8dERnmtOIrhXx7UmAydUA=
20,5,nzXkTbmJ6ZFfG1kRDz7sxDSy6P8=,c9KXT+JICLs05NKzDkmIceFUl4I=
30,0,nzXkTbmJ6ZFfG1kRDz7sxDSy6P8=,MlHlEE8dERnmtOIrhXx7UmAydUA=
29,0,nzXkTbmJ6ZFfG1kRDz7sxDSy6P8=,MlHlEE8dERnmtOIrhXx7UmAydUA=
21,5,nzXkTbmJ6ZFfG1kRDz7sxDSy6P8=,c9KXT+JICLs05NKzDkmIceFUl4I=
28,0,nzXkTbmJ6ZFfG1kRDz7sxDSy6P8=,MlHlEE8dERnmtOIrhXx7UmAydUA=
31,5,nzXkTbmJ6ZFfG1kRDz7sxDSy6P8=,MlHlEE8dERnmtOIrhXx7UmAydUA=
22,5,nzXkTbmJ6ZFfG1kRDz7sxDSy6P8=,c9KXT+JICLs05NKzDkmIceFUl4I=
27,0,nzXkTbmJ6ZFfG1kRDz7sxDSy6P8=,MlHlEE8dERnmtOIrhXx7UmAydUA=
30,5,nzXkTbmJ6ZFfG1kRDz7sxDSy6P8=,MlHlEE8dERnmtOIrhXx7UmAydUA=
23,5,nzXkTbmJ6ZFfG1kRDz7sxDSy6P8=,c9KXT+JICLs05NKzDkmIceFUl4I=
26,0,nzXkTbmJ6ZFfG1kRDz7sxDSy6P8=,MlHlEE8dERnmtOIrhXx7UmAydUA=
25,0,nzXkTbmJ6ZFfG1kRDz7sxDSy6P8=,MlHlEE8dERnmtOIrhXx7UmAydUA=
16,6,nzXkTbmJ6ZFfG1kRDz7sxDSy6P8=,c9KXT+JICLs05NKzDkmIceFUl4I=
29,5,nzXkTbmJ6ZFfG1kRDz7sxDSy6P8=,MlHlEE8dERnmtOIrhXx7UmAydUA=
31,8,nzXkTbmJ6ZFfG1kRDz7sxDSy6P8=,SilJcbBeHLSqxlZLG8A80Tw22ZA=
26,8,nzXkTbmJ6ZFfG1kRDz7sxDSy6P8=,SilJcbBeHLSqxlZLG8A80Tw22ZA=
17,6,nzXkTbmJ6ZFfG1kRDz7sxDSy6P8=,c9KXT+JICLs05NKzDkmIceFUl4I=
25,8,nzXkTbmJ6ZFfG1kRDz7sxDSy6P8=,SilJcbBeHLSqxlZLG8A80Tw22ZA=
28,5,nzXkTbmJ6ZFfG1kRDz7sxDSy6P8=,MlHlEE8dERnmtOIrhXx7UmAydUA=
16,0,nzXkTbmJ6ZFfG1kRDz7sxDSy6P8=,c9KXT+JICLs05NKzDkmIceFUl4I=
18,6,nzXkTbmJ6ZFfG1kRDz7sxDSy6P8=,c9KXT+JICLs05NKzDkmIceFUl4I=
26,5,nzXkTbmJ6ZFfG1kRDz7sxDSy6P8=,MlHlEE8dERnmtOIrhXx7UmAydUA=
19,6,nzXkTbmJ6ZFfG1kRDz7sxDSy6P8=,c9KXT+JICLs05NKzDkmIceFUl4I=
25,5,nzXkTbmJ6ZFfG1kRDz7sxDSy6P8=,MlHlEE8dERnmtOIrhXx7UmAydUA=
17,0,nzXkTbmJ6ZFfG1kRDz7sxDSy6P8=,c9KXT+JICLs05NKzDkmIceFUl4I=
19,5,nzXkTbmJ6ZFfG1kRDz7sxDSy6P8=,c9KXT+JICLs05NKzDkmIceFUl4I=
20,6,nzXkTbmJ6ZFfG1kRDz7sxDSy6P8=,c9KXT+JICLs05NKzDkmIceFUl4I=
21,6,nzXkTbmJ6ZFfG1kRDz7sxDSy6P8=,c9KXT+JICLs05NKzDkmIceFUl4I=
31,4,nzXkTbmJ6ZFfG1kRDz7sxDSy6P8=,MlHlEE8dERnmtOIrhXx7UmAydUA=
22,6,nzXkTbmJ6ZFfG1kRDz7sxDSy6P8=,c9KXT+JICLs05NKzDkmIceFUl4I=
30,8,nzXkTbmJ6ZFfG1kRDz7sxDSy6P8=,SilJcbBeHLSqxlZLG8A80Tw22ZA=
23,6,nzXkTbmJ6ZFfG1kRDz7sxDSy6P8=,c9KXT+JICLs05NKzDkmIceFUl4I=
30,4,nzXkTbmJ6ZFfG1kRDz7sxDSy6P8=,MlHlEE8dERnmtOIrhXx7UmAydUA=
24,1,nzXkTbmJ6ZFfG1kRDz7sxDSy6P8=,MlHlEE8dERnmtOIrhXx7UmAydUA=
27,5,nzXkTbmJ6ZFfG1kRDz7sxDSy6P8=,MlHlEE8dERnmtOIrhXx7UmAydUA=
18,5,nzXkTbmJ6ZFfG1kRDz7sxDSy6P8=,c9KXT+JICLs05NKzDkmIceFUl4I=
16,7,nzXkTbmJ6ZFfG1kRDz7sxDSy6P8=,c9KXT+JICLs05NKzDkmIceFUl4I=
28,4,nzXkTbmJ6ZFfG1kRDz7sxDSy6P8=,MlHlEE8dERnmtOIrhXx7UmAydUA=
29,4,nzXkTbmJ6ZFfG1kRDz7sxDSy6P8=,MlHlEE8dERnmtOIrhXx7UmAydUA=
29,8,nzXkTbmJ6ZFfG1kRDz7sxDSy6P8=,SilJcbBeHLSqxlZLG8A80Tw22ZA=
17,7,nzXkTbmJ6ZFfG1kRDz7sxDSy6P8=,c9KXT+JICLs05NKzDkmIceFUl4I=
27,4,nzXkTbmJ6ZFfG1kRDz7sxDSy6P8=,MlHlEE8dERnmtOIrhXx7UmAydUA=
26,4,nzXkTbmJ6ZFfG1kRDz7sxDSy6P8=,MlHlEE8dERnmtOIrhXx7UmAydUA=
18,7,nzXkTbmJ6ZFfG1kRDz7sxDSy6P8=,c9KXT+JICLs05NKzDkmIceFUl4I=
17,5,nzXkTbmJ6ZFfG1kRDz7sxDSy6P8=,c9KXT+JICLs05NKzDkmIceFUl4I=
25,4,nzXkTbmJ6ZFfG1kRDz7sxDSy6P8=,MlHlEE8dERnmtOIrhXx7UmAydUA=
19,7,nzXkTbmJ6ZFfG1kRDz7sxDSy6P8=,c9KXT+JICLs05NKzDkmIceFUl4I=
31,3,nzXkTbmJ6ZFfG1kRDz7sxDSy6P8=,MlHlEE8dERnmtOIrhXx7UmAydUA=
30,3,nzXkTbmJ6ZFfG1kRDz7sxDSy6P8=,MlHlEE8dERnmtOIrhXx7UmAydUA=
20,7,nzXkTbmJ6ZFfG1kRDz7sxDSy6P8=,c9KXT+JICLs05NKzDkmIceFUl4I=
28,8,nzXkTbmJ6ZFfG1kRDz7sxDSy6P8=,SilJcbBeHLSqxlZLG8A80Tw22ZA=
16,5,nzXkTbmJ6ZFfG1kRDz7sxDSy6P8=,c9KXT+JICLs05NKzDkmIceFUl4I=
21,7,nzXkTbmJ6ZFfG1kRDz7sxDSy6P8=,c9KXT+JICLs05NKzDkmIceFUl4I=
23,4,nzXkTbmJ6ZFfG1kRDz7sxDSy6P8=,c9KXT+JICLs05NKzDkmIceFUl4I=
22,4,nzXkTbmJ6ZFfG1kRDz7sxDSy6P8=,c9KXT+JICLs05NKzDkmIceFUl4I=
22,7,nzXkTbmJ6ZFfG1kRDz7sxDSy6P8=,c9KXT+JICLs05NKzDkmIceFUl4I=
21,4,nzXkTbmJ6ZFfG1kRDz7sxDSy6P8=,c9KXT+JICLs05NKzDkmIceFUl4I=
20,4,nzXkTbmJ6ZFfG1kRDz7sxDSy6P8=,c9KXT+JICLs05NKzDkmIceFUl4I=
19,4,nzXkTbmJ6ZFfG1kRDz7sxDSy6P8=,c9KXT+JICLs05NKzDkmIceFUl4I=
23,7,nzXkTbmJ6ZFfG1kRDz7sxDSy6P8=,c9KXT+JICLs05NKzDkmIceFUl4I=
18,4,nzXkTbmJ6ZFfG1kRDz7sxDSy6P8=,c9KXT+JICLs05NKzDkmIceFUl4I=
16,8,nzXkTbmJ6ZFfG1kRDz7sxDSy6P8=,B792RUauS8w0+nSIHhvmHD14yXw=
17,4,nzXkTbmJ6ZFfG1kRDz7sxDSy6P8=,c9KXT+JICLs05NKzDkmIceFUl4I=
16,4,nzXkTbmJ6ZFfG1kRDz7sxDSy6P8=,c9KXT+JICLs05NKzDkmIceFUl4I=
18,0,nzXkTbmJ6ZFfG1kRDz7sxDSy6P8=,c9KXT+JICLs05NKzDkmIceFUl4I=
24,3,nzXkTbmJ6ZFfG1kRDz7sxDSy6P8=,MlHlEE8dERnmtOIrhXx7UmAydUA=
23,3,nzXkTbmJ6ZFfG1kRDz7sxDSy6P8=,c9KXT+JICLs05NKzDkmIceFUl4I=
19,0,nzXkTbmJ6ZFfG1kRDz7sxDSy6P8=,c9KXT+JICLs05NKzDkmIceFUl4I=
22,3,nzXkTbmJ6ZFfG1kRDz7sxDSy6P8=,c9KXT+JICLs05NKzDkmIceFUl4I=
21,3,nzXkTbmJ6ZFfG1kRDz7sxDSy6P8=,c9KXT+JICLs05NKzDkmIceFUl4I=
20,0,nzXkTbmJ6ZFfG1kRDz7sxDSy6P8=,c9KXT+JICLs05NKzDkmIceFUl4I=
20,3,nzXkTbmJ6ZFfG1kRDz7sxDSy6P8=,c9KXT+JICLs05NKzDkmIceFUl4I=
21,0,nzXkTbmJ6ZFfG1kRDz7sxDSy6P8=,c9KXT+JICLs05NKzDkmIceFUl4I=
18,3,nzXkTbmJ6ZFfG1kRDz7sxDSy6P8=,c9KXT+JICLs05NKzDkmIceFUl4I=
17,3,nzXkTbmJ6ZFfG1kRDz7sxDSy6P8=,c9KXT+JICLs05NKzDkmIceFUl4I=
16,3,nzXkTbmJ6ZFfG1kRDz7sxDSy6P8=,c9KXT+JICLs05NKzDkmIceFUl4I=
24,7,nzXkTbmJ6ZFfG1kRDz7sxDSy6P8=,MlHlEE8dERnmtOIrhXx7UmAydUA=
19,3,nzXkTbmJ6ZFfG1kRDz7sxDSy6P8=,c9KXT+JICLs05NKzDkmIceFUl4I=
22,0,nzXkTbmJ6ZFfG1kRDz7sxDSy6P8=,c9KXT+JICLs05NKzDkmIceFUl4I=
22,2,nzXkTbmJ6ZFfG1kRDz7sxDSy6P8=,c9KXT+JICLs05NKzDkmIceFUl4I=
23,0,nzXkTbmJ6ZFfG1kRDz7sxDSy6P8=,c9KXT+JICLs05NKzDkmIceFUl4I=
21,2,nzXkTbmJ6ZFfG1kRDz7sxDSy6P8=,c9KXT+JICLs05NKzDkmIceFUl4I=
16,1,nzXkTbmJ6ZFfG1kRDz7sxDSy6P8=,c9KXT+JICLs05NKzDkmIceFUl4I=
17,1,nzXkTbmJ6ZFfG1kRDz7sxDSy6P8=,c9KXT+JICLs05NKzDkmIceFUl4I=
20,2,nzXkTbmJ6ZFfG1kRDz7sxDSy6P8=,c9KXT+JICLs05NKzDkmIceFUl4I=
17,8,nzXkTbmJ6ZFfG1kRDz7sxDSy6P8=,B792RUauS8w0+nSIHhvmHD14yXw=
19,2,nzXkTbmJ6ZFfG1kRDz7sxDSy6P8=,c9KXT+JICLs05NKzDkmIceFUl4I=
18,2,nzXkTbmJ6ZFfG1kRDz7sxDSy6P8=,c9KXT+JICLs05NKzDkmIceFUl4I=
18,8,nzXkTbmJ6ZFfG1kRDz7sxDSy6P8=,B792RUauS8w0+nSIHhvmHD14yXw=
24,2,nzXkTbmJ6ZFfG1kRDz7sxDSy6P8=,MlHlEE8dERnmtOIrhXx7UmAydUA=
18,1,nzXkTbmJ6ZFfG1kRDz7sxDSy6P8=,c9KXT+JICLs05NKzDkmIceFUl4I=
19,1,nzXkTbmJ6ZFfG1kRDz7sxDSy6P8=,c9KXT+JICLs05NKzDkmIceFUl4I=
17,2,nzXkTbmJ6ZFfG1kRDz7sxDSy6P8=,c9KXT+JICLs05NKzDkmIceFUl4I=
23,2,nzXkTbmJ6ZFfG1kRDz7sxDSy6P8=,c9KXT+JICLs05NKzDkmIceFUl4I=
16,2,nzXkTbmJ6ZFfG1kRDz7sxDSy6P8=,c9KXT+JICLs05NKzDkmIceFUl4I=
23,1,nzXkTbmJ6ZFfG1kRDz7sxDSy6P8=,c9KXT+JICLs05NKzDkmIceFUl4I=
19,8,nzXkTbmJ6ZFfG1kRDz7sxDSy6P8=,B792RUauS8w0+nSIHhvmHD14yXw=
22,1,nzXkTbmJ6ZFfG1kRDz7sxDSy6P8=,c9KXT+JICLs05NKzDkmIceFUl4I=
23,8,nzXkTbmJ6ZFfG1kRDz7sxDSy6P8=,B792RUauS8w0+nSIHhvmHD14yXw=
22,8,nzXkTbmJ6ZFfG1kRDz7sxDSy6P8=,B792RUauS8w0+nSIHhvmHD14yXw=
20,8,nzXkTbmJ6ZFfG1kRDz7sxDSy6P8=,B792RUauS8w0+nSIHhvmHD14yXw=
21,8,nzXkTbmJ6ZFfG1kRDz7sxDSy6P8=,B792RUauS8w0+nSIHhvmHD14yXw=
20,1,nzXkTbmJ6ZFfG1kRDz7sxDSy6P8=,c9KXT+JICLs05NKzDkmIceFUl4I=
21,1,nzXkTbmJ6ZFfG1kRDz7sxDSy6P8=,c9KXT+JICLs05NKzDkmIceFUl4I=
